USE [DBACCOUNT]; 

-- Insertar nuevos datos en la tabla [Personas]
INSERT INTO [dbo].[Personas] (PersonaId, Nombre, Genero, Edad, Identificacion, Direccion_Calle, Direccion_Ciudad, Telefono)
VALUES
  ('07D0531A-481D-49C7-93CE-AAA9FDC8E9B0', 'Edison', 'Masculino', 22, '0952484590', 'Marbella', 'Guayaquil', '0993217495'),
  ('C077CEDC-6DBB-4050-8DF1-CA66480237DA', 'Bolivar', 'Masculino', 22, '0952484590', 'Marbella', 'Guayaquil', '0993217495'),
  ('BB17A294-967F-4EDC-A128-E752FE52B617', 'Maria', 'Femenino', 25, '123456789', 'Calle Nueva', 'Ciudad Nueva', '0987654321'),
  ('8D3DAF93-EF5B-44FB-B239-8EDF01893A4D', 'Juan', 'Masculino', 30, '987654321', 'Avenida Principal', 'Quito', '0965432109'),
  ('B3A45B7B-335D-4FF4-8D52-BBC01945D64A', 'Laura', 'Femenino', 28, '567890123', 'Calle Central', 'Cuenca', '0976543210');


INSERT INTO [dbo].ClienteCluenta (PersonaId, Contraseña, Estado)
VALUES
  ('07D0531A-481D-49C7-93CE-AAA9FDC8E9B0', 'ContraseñaEdison', 1), -- Estado 1: Activo
  ('C077CEDC-6DBB-4050-8DF1-CA66480237DA', 'ContraseñaBolivar', 1),
  ('BB17A294-967F-4EDC-A128-E752FE52B617', 'ContraseñaMaria', 1),
  ('8D3DAF93-EF5B-44FB-B239-8EDF01893A4D', 'ContraseñaJuan', 1),
  ('B3A45B7B-335D-4FF4-8D52-BBC01945D64A', 'ContraseñaLaura', 1);


  INSERT INTO [dbo].[ACCOUNTS] (AccountID, TipoCuenta, SaldoInicial, Estado, ClienteId)
VALUES
  ('3A67C6F4-093B-479A-9294-DAB1C46CF0B0', 'Corriente', 1000.00, 1, '07D0531A-481D-49C7-93CE-AAA9FDC8E9B0'),
  ('014CD0F6-B44D-4C14-A0C8-F5BD12F23859', 'Ahorro', 500.00, 1, 'C077CEDC-6DBB-4050-8DF1-CA66480237DA'),
  ('8F92375A-C44C-44C5-9041-92CBBFF3F098', 'Corriente', 1500.00, 1, 'BB17A294-967F-4EDC-A128-E752FE52B617'),
  ('E4E1B50A-59CF-43A8-8AC9-E0368615599F', 'Ahorro', 2000.00, 1, '8D3DAF93-EF5B-44FB-B239-8EDF01893A4D'),
  ('7CF9B1F4-DCE2-4F34-96DA-C82B56F422E9', 'Corriente', 1200.00, 1, 'B3A45B7B-335D-4FF4-8D52-BBC01945D64A');

INSERT INTO [dbo].[Movements] (MovementId, Fecha, TipoMovimiento, Valor, Saldo, AccountFk)
VALUES
  ('073918D0-04CB-4CB0-876F-44C3E300D8AE', '2023-01-01', 'Depósito', 500.00, 500.00, '3A67C6F4-093B-479A-9294-DAB1C46CF0B0'),
  ('0AD58413-C093-4FCB-8C46-1231638EB349', '2023-02-01', 'Retiro', -200.00, 300.00, '8F92375A-C44C-44C5-9041-92CBBFF3F098'),
  ('9B55E166-8E57-40A1-B551-886FBD1051E3', '2023-03-01', 'Depósito', 1000.00, 1300.00, '7CF9B1F4-DCE2-4F34-96DA-C82B56F422E9'),
  ('8AC597A6-925B-409C-947E-E1172112C8A9', '2023-04-01', 'Depósito', 800.00, 1800.00, '3A67C6F4-093B-479A-9294-DAB1C46CF0B0'),
  ('5C9D94D3-981D-41D6-AC1E-78F317CFE01A', '2023-05-01', 'Retiro', -300.00, 1500.00, '014CD0F6-B44D-4C14-A0C8-F5BD12F23859'),
  ('99F61B10-616B-44E0-B1B0-E0649FCAE346', '2023-06-01', 'Depósito', 1200.00, 2700.00, '8F92375A-C44C-44C5-9041-92CBBFF3F098'),
  ('270A52DA-2DE4-4064-A7F0-127161D3F813', '2023-07-01', 'Retiro', -500.00, 2200.00, 'E4E1B50A-59CF-43A8-8AC9-E0368615599F'),
  ('1B2730A8-87A1-45FE-9B2B-333834EE493E', '2023-08-01', 'Depósito', 1500.00, 3700.00, '7CF9B1F4-DCE2-4F34-96DA-C82B56F422E9');